Anger,Anxiety,Fear,Surprise,Guilt,Disgust,Sad,Regard,Satisfaction,WarmHeartedness,Happiness,Pride,Love,subject,region
0.02332037,-0.02202833,0.005055657,0.08184946,0.01796419,0.06468142,-0.06266565,0.01377676,-0.03065838,0.03450639,-0.01231855,0.04242567,0.0115652,sub-S01,alERC
0.01529533,0.01271497,0.00338054,0.09372214,0.03012895,0.06315782,-0.031003,0.033285,0.006429225,0.009546154,0.005341823,0.05459757,-0.01707052,sub-S01,pmERC
0.01544754,0.02610791,0.02637925,-0.01370504,0.02475447,0.04722086,-0.01243684,-0.03946606,-0.02850229,-0.02630396,-0.01657073,-0.0092201,0.004441961,sub-S02,alERC
0.04101736,0.02038018,0.02265862,0.02159083,0.01730432,0.04962792,0.004573732,-0.0393949,-0.01645419,-0.04692582,-0.007178097,-0.03037503,-0.01901874,sub-S02,pmERC
0.04873943,0.0810938,0.03165194,0.07249842,0.02627563,0.08289856,-0.01313862,0.06623457,0.04675484,0.01601508,0.06820968,0.06150293,0.01620849,sub-S03,alERC
-0.002752734,0.06767435,0.02587103,0.09513111,-0.01259553,0.06241882,-0.02249036,0.01788345,0.01858738,-0.01770119,0.0154158,0.01203832,-0.007886576,sub-S03,pmERC
-0.01528071,-0.004688661,0.01542327,0.04083138,-0.01635299,0.02781439,-0.02293408,0.03848435,0.05711805,0.03536732,0.04042822,-0.002461534,-0.002173627,sub-S04,alERC
-0.008472702,0.005950589,0.02329963,0.06252722,-0.01969087,0.005698391,-0.04280831,0.03341179,0.04938027,0.03769865,0.03526347,0.02657036,0.01745554,sub-S04,pmERC
-0.02681494,0.06298135,0.05232986,0.1171446,0.02621638,0.01314779,0.01376225,0.03051613,-0.01348864,0.03126098,0.01941058,0.01708964,0.009240768,sub-S05,alERC
-0.02698508,0.05754974,0.04966835,0.1039131,0.002919777,0.02075347,0.003256983,0.02070934,-0.006362378,0.03467067,0.01770748,0.02258465,0.01387908,sub-S05,pmERC
0.09058385,0.05358281,0.04118758,0.01578554,0.0233668,0.07367685,-0.001281741,0.09248965,0.01926603,0.01847758,0.0163517,0.002093506,-0.009189292,sub-S06,alERC
0.06179529,0.06486189,0.03667224,0.05233285,0.01849427,0.08670155,-0.01530377,0.07786668,0.02438562,0.02429315,0.01766398,0.02105859,-0.01563919,sub-S06,pmERC
0.02933454,0.07849757,0.04822247,0.09422398,0.02730519,0.07446355,0.03195814,0.03410672,0.02677633,0.05086723,0.03639373,0.04757357,0.05495708,sub-S08,alERC
0.0307806,0.07418739,0.04220036,0.1041086,0.05259079,0.08157854,0.03563336,0.01524477,0.0324352,0.02634651,0.04979879,0.05256417,0.03465907,sub-S08,pmERC
0.03266779,-0.02082559,-0.01545958,0.06368273,0.04794879,0.002562511,-0.03475102,0.02035023,0.02224579,0.01813988,0.01418099,0.05829481,0.03993663,sub-S09,alERC
0.07019016,0.01992428,0.0175059,0.05666716,0.05469578,0.07165187,-0.01820387,0.06454896,0.04714831,0.03602839,0.04298173,0.09036884,0.03679099,sub-S09,pmERC
0.03005016,0.04306918,0.03122817,0.1048793,0.04836592,0.06299155,-0.01667236,0.02727407,0.004498771,0.04839865,-0.02669835,0.001498304,0.03297133,sub-S10,alERC
0.009501998,0.01435341,0.01509159,0.09836265,0.02606453,0.04302254,-0.01669417,0.007199008,-0.0009211712,0.03346847,-0.02954871,0.02298832,0.04272668,sub-S10,pmERC
0.01311657,0.0415872,0.06450571,0.04998365,0.0002830885,0.05223156,-0.01436574,0.03633675,0.01989376,0.0151343,0.02177573,0.02541845,0.02600561,sub-S11,alERC
0.0411251,0.08789452,0.09180645,0.07787786,0.01662789,0.08568633,-0.05716242,0.05452254,0.0110608,0.01799158,0.01141306,0.04134138,0.0332745,sub-S11,pmERC
-0.0171775,0.07478333,0.06936044,0.07624282,0.06553923,0.02328566,0.004770224,-0.01866198,0.01029889,0.01430347,-0.01065865,0.003039717,0.006937888,sub-S13,alERC
-0.003100348,0.04257503,0.03558128,0.07031418,0.06000979,0.03054769,0.01819396,-0.0003405498,0.01352607,-0.000780228,0.01069929,0.01710662,0.008900953,sub-S13,pmERC
0.03153001,0.1372739,0.1026004,0.08048602,0.07348627,0.09164745,0.08732378,-0.0146456,0.0583494,0.02097919,0.09213273,0.02721636,-0.01352071,sub-S14,alERC
0.0658031,0.09175798,0.07075135,0.07773161,0.07220047,0.102303,0.0676953,0.02126898,0.07435519,0.02697954,0.09107929,0.05788842,0.008083744,sub-S14,pmERC
0.05220618,0.039366,-0.003982048,0.02826867,0.02996818,0.02998899,-0.003783408,0.002804074,-0.0175194,0.0139861,-0.005196223,-0.01723785,0.01178943,sub-S15,alERC
0.04347398,0.04191134,0.004210857,0.05596974,0.03248373,0.02651755,0.003526146,0.02770722,-0.002997477,0.03782535,0.005142511,0.007350903,0.01035204,sub-S15,pmERC
-0.0002261986,0.01368602,-0.01324691,0.05773046,0.009922901,0.01262908,0.03249041,0.0005320768,0.005878038,0.003227178,0.02061404,0.01913789,0.005295618,sub-S16,alERC
-0.02457457,0.03381858,0.00900061,0.06294589,0.005782255,0.0134709,0.04109687,0.02376722,0.02609079,-0.006971813,0.02198846,0.01467809,-0.01074974,sub-S16,pmERC
0.01440331,-0.004087977,-0.02213859,0.04166958,-0.01161884,0.0411429,0.04123669,-0.004514226,0.001116222,-0.02296353,-0.02315188,-0.01370612,-0.01584471,sub-S17,alERC
0.02278264,0.0003420982,0.008795164,0.03403581,0.008612878,0.04612365,0.05161206,0.02802802,0.01755379,-0.01244069,0.001544459,0.00857941,0.01957073,sub-S17,pmERC
0.0256354,0.07071941,0.07193764,0.09136748,0.06237632,0.09225408,0.01785352,-0.01132804,0.005724506,0.0003056563,-0.01490503,0.02556346,-0.0240878,sub-S19,alERC
0.03838567,0.09036242,0.08050979,0.1279575,0.04372052,0.09888983,0.01917312,0.04589709,0.0236177,0.03688503,0.04228119,0.04508899,0.008884065,sub-S19,pmERC
-0.005398017,0.02848781,-0.005558841,0.06433571,-0.03031966,0.0009500055,-0.004900881,-0.02085958,-0.03244652,-0.007150739,0.006285538,-0.0225837,0.01092949,sub-S20,alERC
-0.00925423,0.02087463,0.009673691,0.04751727,-0.0050016,0.01445558,0.006767143,0.001785385,-0.01949221,0.008645149,0.008151646,0.006828257,0.01523103,sub-S20,pmERC
0.07398693,0.0122279,0.02183848,0.04568632,0.05790754,0.07283181,-0.02124896,0.002577204,0.008381224,0.06344526,0.01750763,0.006706845,0.00782675,sub-S21,alERC
0.03515223,0.03368419,0.01815087,0.08353931,0.03976261,0.05085591,0.006194181,-0.012023,0.02231591,0.02886899,0.03253312,-0.01102269,0.02352534,sub-S21,pmERC
-0.006464135,0.03889647,0.01962218,0.07993966,0.03097384,0.02919321,0.01585154,0.01224217,0.01910878,0.0004764114,0.0272206,0.01331761,-0.02096382,sub-S23,alERC
0.01225511,-0.01655753,-0.001553821,0.04281554,0.02785945,0.03828222,0.002842692,0.02695403,0.009412469,-0.0005021968,0.02735261,0.02963977,-0.01347841,sub-S23,pmERC
-0.02923323,0.02400883,0.03279306,0.03616903,-0.01394829,0.06467985,-0.001410208,0.03586657,0.02365735,0.0314953,-0.01788048,-0.003522543,0.03837727,sub-S24,alERC
0.01734709,0.008262605,0.008991719,0.0655794,0.008403613,0.07427258,-0.01710302,0.06573846,0.0123202,0.02942815,-0.0045393,0.04719057,0.0542215,sub-S24,pmERC
0.02337533,0.04807245,0.02193233,0.05177218,0.0452357,0.02840454,0.009177035,0.05012954,0.01695809,-0.0007762969,0.01566889,0.04812795,0.01895708,sub-S27,alERC
0.01057139,0.05475343,0.003920692,0.07901195,0.01998212,0.04969389,-0.01107058,0.03969007,-0.006996274,-0.002895257,0.001184668,0.03459112,0.006789448,sub-S27,pmERC
0.04490729,0.0617911,0.04184558,0.1016209,0.03854119,0.07152249,0.01771461,0.0341309,0.01038441,0.03992577,0.03337196,0.03552276,0.01649631,sub-S28,alERC
0.01592564,0.05581751,0.06369286,0.06308933,0.03671562,0.04820804,0.03134526,0.02466827,-0.00272041,0.04611635,0.03634621,0.02083878,0.02901313,sub-S28,pmERC
-0.03737639,0.06597935,0.05884139,0.08168184,0.01060485,-0.01366714,0.01485489,-0.03095361,0.01111301,-0.02364226,0.01344535,-0.008715438,-0.01192674,sub-S30,alERC
-0.003578667,0.04782688,0.071675,0.06127042,0.03745255,0.01947962,0.04773184,-0.0002784585,0.035638,0.001676732,0.03419846,0.01284788,0.008144733,sub-S30,pmERC
0.008408801,0.04545866,0.007826308,0.0559792,0.02312944,0.001736677,-0.004915438,0.05210975,-0.009708949,0.03110564,0.01734505,0.03727425,0.05465961,sub-S31,alERC
-0.005210775,0.03367314,0.01606602,0.07824381,0.01504002,0.0001638361,-0.001533636,0.03399011,0.01014663,0.02883877,0.04563699,0.06608622,0.02388701,sub-S31,pmERC
0.05640864,0.0190849,0.0285051,0.05254678,0.03788788,0.02531117,0.02374177,-0.01241778,0.03567686,-0.01468095,0.04738406,0.008830802,0.02685475,sub-S22,alERC
0.06356387,0.02759458,0.03777465,0.05841171,0.03234372,0.0394028,0.02051019,0.00906699,0.06828814,0.01773074,0.04652369,0.03315734,0.05977612,sub-S22,pmERC
0.0119022,0.07605054,0.06534865,0.1086236,0.0294611,0.0670464,0.02383909,-0.01120496,-0.006121828,0.005068203,0.01321233,-0.02323846,-0.007475514,sub-S25,alERC
0.02761487,0.08658062,0.08303551,0.1150351,0.0410363,0.07671863,0.04927819,-0.01233165,0.003372746,-0.007473237,0.03944222,0.01252089,-0.0199538,sub-S25,pmERC
-0.05141751,0.08055822,0.06203004,0.08587037,0.002028175,0.04681323,0.003659129,-0.04174113,0.002405021,0.01574941,0.009405603,-0.0262623,0.02758921,sub-S26,alERC
-0.01648318,0.09014221,0.05457876,0.1171365,0.01101863,0.06502368,-0.001741936,-0.02707308,0.006203704,0.03106483,0.01098615,-0.01819516,0.04768737,sub-S26,pmERC
0.0424615,0.04441609,0.04866644,0.05199634,0.003462034,0.03887356,0.01985366,0.03361007,0.02406162,0.0005984176,0.01873001,0.01514292,0.02557192,sub-S29,alERC
0.02739339,0.03640316,0.01924938,0.06636123,0.006501983,0.04017746,0.02647601,0.009856528,0.01921712,0.005103722,0.02028884,0.02580749,0.01797866,sub-S29,pmERC
0.02192801,0.06831704,0.05330253,0.05526343,0.005412148,0.05007194,-0.00264613,0.02538134,-0.00271834,0.006168786,-0.0009702551,-0.0006348676,-0.02532095,sub-S32,alERC
0.01150376,0.06473522,0.0552693,0.0856946,0.009234433,0.05534772,0.003935841,0.01110726,0.006316444,0.003483779,0.006242346,0.001062455,-0.02124424,sub-S32,pmERC
